{
  "criteria": {
    "kill_wandering_soul": {
      "trigger": "minecraft:player_killed_entity",
      "conditions": {
        "entity": {
          "nbt": "{Tags:[\"trident-entity.wandering_souls.ent_wandering_soul\"]}",
          "type": "minecraft:vex"
        },
        "player": {
          "equipment": {
            "mainhand": {
              "item": "minecraft:netherite_hoe",
              "count": 1
            }
          }
        }
      }
    }
  },
  "rewards": {
    "function": "wandering_souls:advancement_rewards/wandering_soul/kill_wandering_soul"
  }
}