{
  "pools": [
    {
      "entries": [
        {
          "functions": [
            {
              "function": "set_nbt",
              "tag": "{TridentCustomItem:168351393,display:{Name:\"[{\\\"text\\\":\\\"Wandering Soul Head\\\",\\\"color\\\":\\\"yellow\\\",\\\"italic\\\":false}]\",Lore:[\"{\\\"text\\\":\\\"Weighs so little, it's almost floating.\\\",\\\"color\\\":\\\"dark_purple\\\",\\\"italic\\\":false}\"]},SkullOwner:{Id:[I;-1253364494,-155040214,-1890075389,930759734],Properties:{textures:[{Value:\"eyJ0ZXh0dXJlcyI6eyJTS0lOIjp7InVybCI6Imh0dHA6Ly90ZXh0dXJlcy5taW5lY3JhZnQubmV0L3RleHR1cmUvMzA0ZTkzZjY1NGFhM2NlMjVjZmMxNzhmNWM1ZWYwMmRlMmFmODMyYjVlMzBkYWU0NDc1MTNhODU4YmY2NjhkMSJ9fX0=\"}]}}}"
            }
          ],
          "name": "minecraft:player_head",
          "weight": 1,
          "type": "item"
        }
      ],
      "rolls": 1,
      "conditions": [
        {
          "condition": "killed_by_player"
        },
        {
          "condition": "random_chance_with_looting",
          "chance": 0.1,
          "looting_multiplier": 0.02
        }
      ]
    }
  ],
  "type": "minecraft:entity"
}