{
  "parent": "minecraft:nether/obtain_ancient_debris",
  "criteria": {
    "kill_wandering_soul": {
      "trigger": "minecraft:player_killed_entity",
      "conditions": {
        "entity": {
          "nbt": "{Tags:[\"trident-entity.wandering_souls.ent_wandering_soul\"]}",
          "type": "minecraft:vex"
        },
        "player": {
          "equipment": {
            "mainhand": {
              "item": "minecraft:netherite_hoe",
              "count": 1
            }
          }
        }
      }
    }
  },
  "display": {
    "show_toast": true,
    "icon": {
      "nbt": "{TridentCustomItem:168351393,display:{Name:\"[{\\\"text\\\":\\\"Wandering Soul Head\\\",\\\"color\\\":\\\"yellow\\\",\\\"italic\\\":false}]\",Lore:[\"{\\\"text\\\":\\\"Weighs so little, it's almost floating.\\\",\\\"color\\\":\\\"dark_purple\\\",\\\"italic\\\":false}\"]},SkullOwner:{Id:[I;-1253364494,-155040214,-1890075389,930759734],Properties:{textures:[{Value:\"eyJ0ZXh0dXJlcyI6eyJTS0lOIjp7InVybCI6Imh0dHA6Ly90ZXh0dXJlcy5taW5lY3JhZnQubmV0L3RleHR1cmUvMzA0ZTkzZjY1NGFhM2NlMjVjZmMxNzhmNWM1ZWYwMmRlMmFmODMyYjVlMzBkYWU0NDc1MTNhODU4YmY2NjhkMSJ9fX0=\"}]}}}",
      "item": "minecraft:player_head"
    },
    "description": "Kill a Wandering Soul with a Netherite Hoe",
    "title": "Ghosts... don't... DIE!",
    "announce_to_chat": true
  }
}